{
  "ABIRoot": {
    "kind": "Root",
    "name": "TopLevel",
    "printedName": "TopLevel",
    "children": [
      {
        "kind": "Import",
        "name": "SwiftUI",
        "printedName": "SwiftUI",
        "declKind": "Import",
        "moduleName": "ConvivaAppAnalytics"
      },
      {
        "kind": "Import",
        "name": "Foundation",
        "printedName": "Foundation",
        "declKind": "Import",
        "moduleName": "ConvivaAppAnalytics"
      },
      {
        "kind": "Import",
        "name": "SwiftUI",
        "printedName": "SwiftUI",
        "declKind": "Import",
        "moduleName": "ConvivaAppAnalytics"
      },
      {
        "kind": "Import",
        "name": "Foundation",
        "printedName": "Foundation",
        "declKind": "Import",
        "moduleName": "ConvivaAppAnalytics"
      },
      {
        "kind": "Import",
        "name": "SwiftUI",
        "printedName": "SwiftUI",
        "declKind": "Import",
        "moduleName": "ConvivaAppAnalytics"
      },
      {
        "kind": "Import",
        "name": "Foundation",
        "printedName": "Foundation",
        "declKind": "Import",
        "moduleName": "ConvivaAppAnalytics"
      },
      {
        "kind": "Import",
        "name": "SwiftUI",
        "printedName": "SwiftUI",
        "declKind": "Import",
        "moduleName": "ConvivaAppAnalytics"
      },
      {
        "kind": "Import",
        "name": "Foundation",
        "printedName": "Foundation",
        "declKind": "Import",
        "moduleName": "ConvivaAppAnalytics"
      },
      {
        "kind": "TypeDecl",
        "name": "Button",
        "printedName": "Button",
        "children": [
          {
            "kind": "Function",
            "name": "convivaAnalyticsButtonClick",
            "printedName": "convivaAnalyticsButtonClick(title:)",
            "children": [
              {
                "kind": "TypeNominal",
                "name": "OpaqueTypeArchetype",
                "printedName": "some SwiftUI.View",
                "children": [
                  {
                    "kind": "TypeNominal",
                    "name": "View",
                    "printedName": "SwiftUI.View",
                    "usr": "s:7SwiftUI4ViewP"
                  }
                ]
              },
              {
                "kind": "TypeNominal",
                "name": "String",
                "printedName": "Swift.String",
                "usr": "s:SS"
              }
            ],
            "declKind": "Func",
            "usr": "s:7SwiftUI6ButtonV19ConvivaAppAnalyticsE07convivafC5Click5titleQrSS_tF",
            "mangledName": "$s7SwiftUI6ButtonV19ConvivaAppAnalyticsE07convivafC5Click5titleQrSS_tF",
            "moduleName": "ConvivaAppAnalytics",
            "genericSig": "<τ_0_0 where τ_0_0 : SwiftUI.View>",
            "sugared_genericSig": "<Label where Label : SwiftUI.View>",
            "declAttributes": [
              "RawDocComment"
            ],
            "isFromExtension": true,
            "funcSelfKind": "NonMutating"
          }
        ],
        "declKind": "Struct",
        "usr": "s:7SwiftUI6ButtonV",
        "mangledName": "$s7SwiftUI6ButtonV",
        "moduleName": "SwiftUI",
        "genericSig": "<τ_0_0 where τ_0_0 : SwiftUI.View>",
        "sugared_genericSig": "<Label where Label : SwiftUI.View>",
        "intro_Macosx": "10.15",
        "intro_iOS": "13.0",
        "intro_tvOS": "13.0",
        "intro_watchOS": "6.0",
        "declAttributes": [
          "Available",
          "Available",
          "Available",
          "Available"
        ],
        "isExternal": true,
        "conformances": [
          {
            "kind": "Conformance",
            "name": "View",
            "printedName": "View",
            "children": [
              {
                "kind": "TypeWitness",
                "name": "Body",
                "printedName": "Body",
                "children": [
                  {
                    "kind": "TypeNominal",
                    "name": "OpaqueTypeArchetype",
                    "printedName": "some SwiftUI.View",
                    "children": [
                      {
                        "kind": "TypeNominal",
                        "name": "View",
                        "printedName": "SwiftUI.View",
                        "usr": "s:7SwiftUI4ViewP"
                      }
                    ]
                  }
                ]
              }
            ],
            "usr": "s:7SwiftUI4ViewP",
            "mangledName": "$s7SwiftUI4ViewP"
          }
        ]
      },
      {
        "kind": "TypeDecl",
        "name": "View",
        "printedName": "View",
        "children": [
          {
            "kind": "Function",
            "name": "convivaAnalyticsScreenView",
            "printedName": "convivaAnalyticsScreenView(name:)",
            "children": [
              {
                "kind": "TypeNominal",
                "name": "OpaqueTypeArchetype",
                "printedName": "some SwiftUI.View",
                "children": [
                  {
                    "kind": "TypeNominal",
                    "name": "View",
                    "printedName": "SwiftUI.View",
                    "usr": "s:7SwiftUI4ViewP"
                  }
                ]
              },
              {
                "kind": "TypeNominal",
                "name": "String",
                "printedName": "Swift.String",
                "usr": "s:SS"
              }
            ],
            "declKind": "Func",
            "usr": "s:7SwiftUI4ViewP19ConvivaAppAnalyticsE07convivaf6ScreenC04nameQrSS_tF",
            "mangledName": "$s7SwiftUI4ViewP19ConvivaAppAnalyticsE07convivaf6ScreenC04nameQrSS_tF",
            "moduleName": "ConvivaAppAnalytics",
            "genericSig": "<τ_0_0 where τ_0_0 : SwiftUI.View>",
            "sugared_genericSig": "<Self where Self : SwiftUI.View>",
            "declAttributes": [
              "RawDocComment"
            ],
            "isFromExtension": true,
            "funcSelfKind": "NonMutating"
          }
        ],
        "declKind": "Protocol",
        "usr": "s:7SwiftUI4ViewP",
        "mangledName": "$s7SwiftUI4ViewP",
        "moduleName": "SwiftUI",
        "genericSig": "<τ_0_0.Body : SwiftUI.View>",
        "sugared_genericSig": "<Self.Body : SwiftUI.View>",
        "intro_Macosx": "10.15",
        "intro_iOS": "13.0",
        "intro_tvOS": "13.0",
        "intro_watchOS": "6.0",
        "declAttributes": [
          "TypeEraser",
          "Available",
          "Available",
          "Available",
          "Available"
        ],
        "isExternal": true
      }
    ],
    "json_format_version": 8
  },
  "ConstValues": []
}